{"cameraMode":{"drawMode":0,"name":"Shaded","section":"Shading Mode"},"sceneLighting":true,"audioPlay":false,"sceneViewState":{"showFog":true,"showMaterialUpdate":false,"showSkybox":true,"showFlares":true,"showImageEffects":true,"showParticleSystems":true},"in2DMode":false,"pivot":{"x":40.4964599609375,"y":10.492172241210938,"z":-29.35181427001953},"rotation":{"x":0.4266482889652252,"y":-0.094672292470932,"z":0.044963326305150989,"w":0.8983249068260193},"size":15.021695137023926,"orthographic":false}