{"cameraMode":{"drawMode":0,"name":"Shaded","section":"Shading Mode"},"sceneLighting":false,"audioPlay":false,"sceneViewState":{"showFog":true,"showMaterialUpdate":false,"showSkybox":false,"showFlares":true,"showImageEffects":true,"showParticleSystems":true},"in2DMode":false,"pivot":{"x":-0.6100000143051148,"y":1.472000002861023,"z":-1.7269999980926514},"rotation":{"x":0.4620533585548401,"y":0.10333093255758286,"z":-0.054308172315359119,"w":0.8791375160217285},"size":2.273205041885376,"orthographic":false}