{"cameraMode":{"drawMode":0,"name":"Shaded","section":"Shading Mode"},"sceneLighting":false,"audioPlay":false,"sceneViewState":{"showFog":true,"showMaterialUpdate":false,"showSkybox":false,"showFlares":true,"showImageEffects":true,"showParticleSystems":true},"in2DMode":false,"pivot":{"x":-0.6100000143051148,"y":1.472000002861023,"z":-1.7269999980926514},"rotation":{"x":-0.3707437217235565,"y":0.000554532918613404,"z":-0.0002213976695202291,"w":-0.9287347197532654},"size":4.97320556640625,"orthographic":false}