{"cameraMode":{"drawMode":0,"name":"Shaded","section":"Shading Mode"},"sceneLighting":false,"audioPlay":false,"sceneViewState":{"showFog":true,"showMaterialUpdate":false,"showSkybox":false,"showFlares":true,"showImageEffects":true,"showParticleSystems":true},"in2DMode":false,"pivot":{"x":-0.6100000143051148,"y":1.472000002861023,"z":-1.7269999980926514},"rotation":{"x":-0.3439635634422302,"y":-0.029010873287916185,"z":0.010632750578224659,"w":-0.9384745955467224},"size":0.17320512235164643,"orthographic":false}